Turbulence,SNR (dB),Coded BER
Weak,-2,0.141921875
Weak,0,0.0553125
Weak,2,0.022125
Weak,4,0.0060234375
Weak,6,0.001859375
Weak,8,0.00059375
Weak,10,6.25e-05
Weak,12,0.0
Weak,14,4.6875e-05
Moderate,-2,0.428734375
Moderate,0,0.376234375
Moderate,2,0.315015625
Moderate,4,0.22275
Moderate,6,0.1439765625
Moderate,8,0.07428125
Moderate,10,0.0306875
Moderate,12,0.010140625
Moderate,14,0.002828125
Strong,-2,0.4765859375
Strong,0,0.463203125
Strong,2,0.4371796875
Strong,4,0.4029375
Strong,6,0.3522890625
Strong,8,0.2849140625
Strong,10,0.1960703125
Strong,12,0.1236875
Strong,14,0.06196875
