Source Noise P,SNR dB,Requested Frames,Generated Frames,Decoded Frames,Total Source Bits,Source Corrupted Bits,Final Bit Errors,BER,Accuracy,FER,Success Frames,Failed Frames
0.0,0,1000,1000,1000,64000,0,24210,0.37828125,0.62171875,0.986,14,986
0.0,2,1000,1000,1000,64000,0,19916,0.3111875,0.6888125,0.955,45,955
0.0,4,1000,1000,1000,64000,0,14110,0.22046875,0.77953125,0.817,183,817
0.0,6,1000,1000,1000,64000,0,9295,0.145234375,0.854765625,0.6,400,600
0.0,8,1000,1000,1000,64000,0,4385,0.068515625,0.931484375,0.315,685,315
0.0,10,1000,1000,1000,64000,0,1452,0.0226875,0.9773125,0.117,883,117
0.0,12,1000,1000,1000,64000,0,624,0.00975,0.99025,0.054,946,54
0.0,15,1000,1000,1000,64000,0,32,0.0005,0.9995,0.002,998,2
0.0,18,1000,1000,1000,64000,0,0,0.0,1.0,0.0,1000,0
0.0,20,1000,1000,1000,64000,0,0,0.0,1.0,0.0,1000,0
0.001,0,1000,1000,1000,64000,62,24149,0.377328125,0.622671875,0.997,3,997
0.001,2,1000,1000,1000,64000,61,19898,0.31090625,0.6890937500000001,0.955,45,955
0.001,4,1000,1000,1000,64000,71,14283,0.223171875,0.776828125,0.814,186,814
0.001,6,1000,1000,1000,64000,55,8884,0.1388125,0.8611875,0.6,400,600
0.001,8,1000,1000,1000,64000,66,4897,0.076515625,0.923484375,0.384,616,384
0.001,10,1000,1000,1000,64000,59,2362,0.03690625,0.96309375,0.206,794,206
0.001,12,1000,1000,1000,64000,80,859,0.013421875,0.986578125,0.131,869,131
0.001,15,1000,1000,1000,64000,54,186,0.00290625,0.99709375,0.058,942,58
0.001,18,1000,1000,1000,64000,53,53,0.000828125,0.999171875,0.052,948,52
0.001,20,1000,1000,1000,64000,66,66,0.00103125,0.99896875,0.066,934,66
0.005,0,1000,1000,1000,64000,331,24071,0.376109375,0.623890625,0.998,2,998
0.005,2,1000,1000,1000,64000,325,19539,0.305296875,0.694703125,0.965,35,965
0.005,4,1000,1000,1000,64000,317,14313,0.223640625,0.776359375,0.863,137,863
0.005,6,1000,1000,1000,64000,329,9785,0.152890625,0.847109375,0.723,277,723
0.005,8,1000,1000,1000,64000,329,5114,0.07990625,0.92009375,0.531,469,531
0.005,10,1000,1000,1000,64000,303,2254,0.03521875,0.96478125,0.372,628,372
0.005,12,1000,1000,1000,64000,339,823,0.012859375,0.987140625,0.316,684,316
0.005,15,1000,1000,1000,64000,328,388,0.0060625,0.9939375,0.289,711,289
0.005,18,1000,1000,1000,64000,308,308,0.0048125,0.9951875,0.267,733,267
0.005,20,1000,1000,1000,64000,310,310,0.00484375,0.99515625,0.269,731,269
0.01,0,1000,1000,1000,64000,661,24483,0.382546875,0.6174531249999999,0.995,5,995
0.01,2,1000,1000,1000,64000,671,20472,0.319875,0.680125,0.978,22,978
0.01,4,1000,1000,1000,64000,648,14999,0.234359375,0.765640625,0.901,99,901
0.01,6,1000,1000,1000,64000,639,9431,0.147359375,0.852640625,0.786,214,786
0.01,8,1000,1000,1000,64000,641,5408,0.0845,0.9155,0.646,354,646
0.01,10,1000,1000,1000,64000,643,2756,0.0430625,0.9569375,0.555,445,555
0.01,12,1000,1000,1000,64000,641,1151,0.017984375,0.982015625,0.496,504,496
0.01,15,1000,1000,1000,64000,622,666,0.01040625,0.98959375,0.483,517,483
0.01,18,1000,1000,1000,64000,662,674,0.01053125,0.98946875,0.493,507,493
0.01,20,1000,1000,1000,64000,627,627,0.009796875,0.990203125,0.471,529,471
0.02,0,1000,1000,1000,64000,1244,24894,0.38896875,0.61103125,0.998,2,998
0.02,2,1000,1000,1000,64000,1273,20799,0.324984375,0.675015625,0.989,11,989
0.02,4,1000,1000,1000,64000,1299,15116,0.2361875,0.7638125,0.947,53,947
0.02,6,1000,1000,1000,64000,1251,10235,0.159921875,0.840078125,0.872,128,872
0.02,8,1000,1000,1000,64000,1318,5801,0.090640625,0.909359375,0.828,172,828
0.02,10,1000,1000,1000,64000,1203,3330,0.05203125,0.94796875,0.753,247,753
0.02,12,1000,1000,1000,64000,1332,1947,0.030421875,0.969578125,0.746,254,746
0.02,15,1000,1000,1000,64000,1256,1270,0.01984375,0.98015625,0.718,282,718
0.02,18,1000,1000,1000,64000,1360,1368,0.021375,0.978625,0.766,234,766
0.02,20,1000,1000,1000,64000,1257,1257,0.019640625,0.980359375,0.709,291,709
0.05,0,1000,1000,1000,64000,3186,25210,0.39390625,0.60609375,1.0,0,1000
0.05,2,1000,1000,1000,64000,3136,20881,0.326265625,0.673734375,0.995,5,995
0.05,4,1000,1000,1000,64000,3278,15928,0.248875,0.751125,0.998,2,998
0.05,6,1000,1000,1000,64000,3180,11815,0.184609375,0.815390625,0.99,10,990
0.05,8,1000,1000,1000,64000,3249,7332,0.1145625,0.8854375,0.978,22,978
0.05,10,1000,1000,1000,64000,3325,5040,0.07875,0.92125,0.974,26,974
0.05,12,1000,1000,1000,64000,3170,3595,0.056171875,0.943828125,0.959,41,959
0.05,15,1000,1000,1000,64000,3217,3351,0.052359375,0.947640625,0.952,48,952
0.05,18,1000,1000,1000,64000,3251,3251,0.050796875,0.949203125,0.969,31,969
0.05,20,1000,1000,1000,64000,3136,3136,0.049,0.951,0.951,49,951
0.1,0,1000,1000,1000,64000,6364,25661,0.400953125,0.599046875,1.0,0,1000
0.1,2,1000,1000,1000,64000,6336,22160,0.34625,0.65375,1.0,0,1000
0.1,4,1000,1000,1000,64000,6499,17671,0.276109375,0.723890625,0.999,1,999
0.1,6,1000,1000,1000,64000,6510,13126,0.20509375,0.79490625,1.0,0,1000
0.1,8,1000,1000,1000,64000,6270,10338,0.16153125,0.83846875,1.0,0,1000
0.1,10,1000,1000,1000,64000,6344,7891,0.123296875,0.876703125,1.0,0,1000
0.1,12,1000,1000,1000,64000,6525,6918,0.10809375,0.89190625,0.999,1,999
0.1,15,1000,1000,1000,64000,6483,6545,0.102265625,0.897734375,0.997,3,997
0.1,18,1000,1000,1000,64000,6534,6552,0.102375,0.897625,0.998,2,998
0.1,20,1000,1000,1000,64000,6386,6386,0.09978125,0.90021875,1.0,0,1000
